{
  "frame_processor": {
    "camera_parameter": {
      "intrinsic": [
        2696.35888671875,
        0,
        959.5,
        0,
        2696.35888671875,
        539.5,
        0,
        0,
        1
      ],
      "rvec": [
        1.689706323919723,
        -1.042775393523062,
        0.69979947960808
      ],
      "tvec": [
        -0.059883639216423035,
        3.83331298828125,
        12.391121864318848
      ]
    }
  },
  "output_key": "capture[0]",
  "camera_id": 0,
  "uri": "/Users/tanakadaisuke/TownCentreXVID.avi",
  "capture_from_file": true,
  "frame_skip": 1,
  "tick_interval": 200
}
